tx_id,user_id,timestamp,status,amount
tx_user_1_0,user_1,2025-11-09T01:25:08.382656,confirmed,61.97
tx_user_1_1,user_1,2025-11-16T06:52:48.386470,pending,102.65
tx_user_1_2,user_1,2025-11-16T21:07:01.619491,confirmed,79.82
tx_user_1_3,user_1,2025-11-26T08:04:46.720838,confirmed,36.56
tx_user_1_4,user_1,2025-11-25T08:06:37.736002,confirmed,25.95
tx_user_1_5,user_1,2025-11-15T20:34:02.652787,pending,13.99
tx_user_1_6,user_1,2025-11-12T09:44:53.468189,confirmed,25.2
tx_user_1_7,user_1,2025-11-15T01:13:54.394523,confirmed,6.16
tx_user_1_8,user_1,2025-11-17T20:01:20.918272,confirmed,45.03
tx_user_1_9,user_1,2025-11-15T09:38:38.570445,confirmed,28.64
tx_user_1_10,user_1,2025-11-19T10:38:28.897450,confirmed,71.22
tx_user_2_0,user_2,2025-11-22T03:23:59.901433,confirmed,87.33
tx_user_2_1,user_2,2025-11-19T20:53:02.647523,confirmed,67.83
tx_user_2_2,user_2,2025-11-09T09:59:24.918310,confirmed,86.82
tx_user_2_3,user_2,2025-11-19T09:37:36.831881,confirmed,13.09
tx_user_2_4,user_2,2025-11-14T23:13:40.233198,confirmed,103.14
tx_user_2_5,user_2,2025-11-27T05:10:53.589124,confirmed,110.56
tx_user_2_6,user_2,2025-11-29T17:49:20.517771,confirmed,35.47
tx_user_2_7,user_2,2025-11-12T11:34:27.016528,confirmed,12.86
tx_user_2_8,user_2,2025-11-11T17:10:42.863486,confirmed,45.62
tx_user_2_9,user_2,2025-11-28T22:56:17.860951,pending,6.48
tx_user_2_10,user_2,2025-11-28T22:48:48.851254,confirmed,58.51
tx_user_3_0,user_3,2025-11-15T00:23:27.563595,confirmed,87.42
tx_user_3_1,user_3,2025-11-26T07:26:26.732210,confirmed,67.07
tx_user_3_2,user_3,2025-11-18T17:54:10.757976,confirmed,78.16
tx_user_3_3,user_3,2025-11-27T11:42:47.480230,confirmed,53.7
tx_user_3_4,user_3,2025-11-28T02:44:57.659941,confirmed,27.19
tx_user_3_5,user_3,2025-11-19T00:07:11.605201,confirmed,53.38
tx_user_3_6,user_3,2025-11-10T09:06:41.204045,confirmed,89.39
tx_user_4_0,user_4,2025-11-24T21:00:57.069498,confirmed,47.05
tx_user_4_1,user_4,2025-12-01T16:05:33.625100,confirmed,73.97
tx_user_4_2,user_4,2025-11-03T12:46:16.359925,pending,4.9
tx_user_4_3,user_4,2025-11-15T03:21:48.420950,confirmed,13.98
tx_user_4_4,user_4,2025-11-30T01:39:05.794113,confirmed,51.12
tx_user_4_5,user_4,2025-11-22T20:05:37.696693,confirmed,79.82
tx_user_4_6,user_4,2025-11-22T09:11:59.664755,confirmed,18.8
tx_user_4_7,user_4,2025-11-16T11:51:29.055910,confirmed,26.06
tx_user_4_8,user_4,2025-11-04T00:59:35.235727,confirmed,11.33
tx_user_4_9,user_4,2025-11-03T16:26:40.111799,confirmed,61.84
tx_user_5_0,user_5,2025-11-09T05:46:46.864200,confirmed,43.07
tx_user_5_1,user_5,2025-11-10T20:59:42.832140,confirmed,47.04
tx_user_5_2,user_5,2025-11-14T09:30:19.865228,pending,53.72
tx_user_5_3,user_5,2025-11-16T15:01:57.773049,confirmed,59.02
tx_user_5_4,user_5,2025-11-29T11:22:37.352057,confirmed,14.55
tx_user_5_5,user_5,2025-12-02T11:19:04.568244,confirmed,21.13
tx_user_5_6,user_5,2025-11-12T05:47:41.883135,confirmed,57.4
tx_user_5_7,user_5,2025-11-20T15:21:46.088855,confirmed,32.28
tx_user_6_0,user_6,2025-11-28T19:15:24.898192,confirmed,68.56
tx_user_6_1,user_6,2025-11-30T14:47:49.143149,confirmed,54.65
tx_user_6_2,user_6,2025-11-11T09:33:19.264370,confirmed,92.85
tx_user_6_3,user_6,2025-11-24T23:57:20.167085,confirmed,72.7
tx_user_6_4,user_6,2025-11-13T10:28:54.282747,confirmed,70.18
tx_user_7_0,user_7,2025-11-08T12:19:13.743279,confirmed,50.02
tx_user_7_1,user_7,2025-11-10T15:39:11.039108,confirmed,59.08
tx_user_7_2,user_7,2025-11-21T20:49:23.157683,pending,89.15
tx_user_8_0,user_8,2025-11-25T13:11:04.881007,confirmed,108.13
tx_user_8_1,user_8,2025-11-17T20:46:17.304617,confirmed,35.42
tx_user_8_2,user_8,2025-11-07T22:25:13.050115,pending,22.72
tx_user_8_3,user_8,2025-11-07T04:20:01.121556,confirmed,37.79
tx_user_8_4,user_8,2025-11-05T05:07:00.404213,pending,33.89
tx_user_8_5,user_8,2025-12-01T20:29:33.715972,pending,42.86
tx_user_8_6,user_8,2025-11-08T09:30:21.302482,confirmed,16.97
tx_user_8_7,user_8,2025-11-19T02:01:56.337881,confirmed,65.68
tx_user_8_8,user_8,2025-11-09T09:04:18.757592,confirmed,27.63
tx_user_8_9,user_8,2025-11-12T16:07:39.683250,confirmed,6.29
tx_user_8_10,user_8,2025-11-12T21:14:11.398013,confirmed,39.18
tx_user_9_0,user_9,2025-11-03T18:02:23.424025,confirmed,6.17
tx_user_9_1,user_9,2025-11-04T22:55:10.845785,confirmed,8.64
tx_user_9_2,user_9,2025-11-14T02:20:53.874315,confirmed,80.74
tx_user_9_3,user_9,2025-11-29T01:26:48.857556,confirmed,39.43
tx_user_9_4,user_9,2025-11-13T00:59:16.060973,confirmed,28.29
tx_user_9_5,user_9,2025-11-17T11:32:49.325956,confirmed,54.47
tx_user_9_6,user_9,2025-11-24T14:20:09.067768,confirmed,35.61
tx_user_9_7,user_9,2025-11-07T00:51:32.535729,confirmed,64.79
tx_user_9_8,user_9,2025-11-05T15:55:54.953587,confirmed,50.39
tx_user_9_9,user_9,2025-11-17T00:49:02.579810,confirmed,7.04
tx_user_9_10,user_9,2025-11-20T01:59:43.524867,confirmed,16.83
tx_user_9_11,user_9,2025-11-20T05:53:10.719511,confirmed,92.39
tx_user_9_12,user_9,2025-11-04T23:43:45.627985,confirmed,71.99
tx_user_10_0,user_10,2025-11-13T09:16:21.986489,confirmed,55.03
tx_user_10_1,user_10,2025-11-06T18:46:41.496722,pending,45.42
tx_user_10_2,user_10,2025-11-05T00:29:03.471150,confirmed,67.74
tx_user_10_3,user_10,2025-11-05T07:07:06.773372,confirmed,12.45
tx_user_10_4,user_10,2025-11-16T12:06:40.181659,confirmed,23.14
tx_user_10_5,user_10,2025-11-11T21:54:54.882570,confirmed,41.68
tx_user_10_6,user_10,2025-11-22T08:56:15.431461,confirmed,41.15
tx_user_10_7,user_10,2025-11-04T00:53:33.582927,pending,79.95
tx_user_11_0,user_11,2025-11-08T16:47:27.834776,confirmed,18.37
tx_user_11_1,user_11,2025-11-30T17:53:15.403709,confirmed,10.03
tx_user_11_2,user_11,2025-12-01T21:38:19.574508,confirmed,61.15
tx_user_11_3,user_11,2025-11-07T13:58:21.413920,confirmed,51.78
tx_user_11_4,user_11,2025-11-05T19:00:16.011556,confirmed,20.93
tx_user_11_5,user_11,2025-11-18T22:12:03.307649,confirmed,112.18
tx_user_11_6,user_11,2025-11-29T05:18:44.456437,confirmed,39.55
tx_user_11_7,user_11,2025-11-17T16:41:58.418492,confirmed,11.34
tx_user_12_0,user_12,2025-11-15T23:13:04.488236,pending,59.09
tx_user_12_1,user_12,2025-11-13T03:11:52.309964,confirmed,48.82
tx_user_12_2,user_12,2025-11-12T04:06:18.754833,confirmed,71.82
tx_user_12_3,user_12,2025-11-23T01:38:58.881659,pending,76.31
tx_user_12_4,user_12,2025-11-23T12:43:45.398331,confirmed,41.05
tx_user_12_5,user_12,2025-12-01T20:32:49.951162,confirmed,38.43
tx_user_12_6,user_12,2025-11-13T14:42:24.482872,confirmed,6.85
tx_user_12_7,user_12,2025-11-10T19:44:17.641693,confirmed,63.27
tx_user_12_8,user_12,2025-11-17T20:31:32.611371,confirmed,46.67
tx_user_12_9,user_12,2025-11-27T23:52:41.341762,confirmed,33.08
tx_user_12_10,user_12,2025-11-04T08:13:36.528223,confirmed,15.16
tx_user_12_11,user_12,2025-11-24T06:28:47.474179,confirmed,48.6
tx_user_12_12,user_12,2025-11-12T16:21:56.082132,pending,58.84
tx_user_13_0,user_13,2025-11-22T13:47:53.392979,confirmed,79.92
tx_user_13_1,user_13,2025-11-18T08:44:56.880774,confirmed,41.68
tx_user_13_2,user_13,2025-11-20T15:41:04.381715,confirmed,0.41
tx_user_13_3,user_13,2025-11-03T12:08:02.659978,confirmed,70.52
tx_user_13_4,user_13,2025-11-16T18:55:29.859148,confirmed,38.53
tx_user_13_5,user_13,2025-11-08T15:40:35.775473,confirmed,51.27
tx_user_13_6,user_13,2025-11-21T13:16:07.281424,confirmed,20.95
tx_user_14_0,user_14,2025-11-23T21:07:32.672576,confirmed,38.87
tx_user_14_1,user_14,2025-12-01T17:33:13.348825,confirmed,61.26
tx_user_14_2,user_14,2025-11-18T08:14:48.561388,confirmed,67.19
tx_user_14_3,user_14,2025-11-12T00:44:16.001537,pending,51.18
tx_user_14_4,user_14,2025-11-06T11:41:38.555722,confirmed,105.21
tx_user_14_5,user_14,2025-11-10T15:02:30.171171,pending,70.06
tx_user_14_6,user_14,2025-11-28T05:17:43.839802,confirmed,86.68
tx_user_14_7,user_14,2025-11-12T22:59:41.823266,confirmed,38.72
tx_user_15_0,user_15,2025-12-01T11:09:16.084717,confirmed,28.63
tx_user_15_1,user_15,2025-11-26T21:27:52.206704,confirmed,52.35
tx_user_15_2,user_15,2025-11-20T00:55:58.224252,confirmed,0.66
tx_user_15_3,user_15,2025-11-17T04:04:39.832064,confirmed,16.74
tx_user_15_4,user_15,2025-11-12T14:37:45.338123,confirmed,49.84
tx_user_15_5,user_15,2025-11-28T00:20:40.448535,confirmed,4.43
tx_user_15_6,user_15,2025-11-30T16:50:55.125444,confirmed,66.58
tx_user_15_7,user_15,2025-11-23T14:32:34.285321,confirmed,25.69
tx_user_15_8,user_15,2025-11-08T12:34:07.289513,confirmed,8.09
tx_user_16_0,user_16,2025-11-21T21:57:32.954242,confirmed,58.27
tx_user_16_1,user_16,2025-11-19T22:42:08.094559,confirmed,24.49
tx_user_16_2,user_16,2025-11-06T10:17:50.085348,confirmed,35.54
tx_user_16_3,user_16,2025-11-28T17:15:42.729401,confirmed,98.37
tx_user_16_4,user_16,2025-11-11T07:14:07.164973,confirmed,27.99
tx_user_16_5,user_16,2025-11-14T11:55:46.648340,confirmed,107.17
tx_user_17_0,user_17,2025-11-21T03:55:11.952164,confirmed,62.67
tx_user_17_1,user_17,2025-11-19T10:37:31.999041,pending,18.33
tx_user_17_2,user_17,2025-11-16T21:41:45.516792,confirmed,9.68
tx_user_17_3,user_17,2025-11-20T16:51:28.494650,confirmed,70.51
tx_user_17_4,user_17,2025-11-21T02:52:24.427482,pending,65.09
tx_user_18_0,user_18,2025-11-11T19:04:26.292136,confirmed,49.57
tx_user_18_1,user_18,2025-11-28T11:29:18.261560,confirmed,31.72
tx_user_18_2,user_18,2025-11-19T07:44:09.305545,confirmed,66.23
tx_user_18_3,user_18,2025-11-20T10:04:47.054385,confirmed,73.74
tx_user_18_4,user_18,2025-11-05T21:55:15.674919,confirmed,46.42
tx_user_18_5,user_18,2025-11-24T00:18:02.126035,confirmed,47.27
tx_user_18_6,user_18,2025-11-26T18:28:19.301648,confirmed,36.03
tx_user_18_7,user_18,2025-11-17T10:53:19.170677,confirmed,36.83
tx_user_18_8,user_18,2025-11-03T16:48:47.723805,confirmed,39.22
tx_user_18_9,user_18,2025-11-15T16:54:14.882447,confirmed,9.19
tx_user_18_10,user_18,2025-11-09T01:56:21.772008,confirmed,0.62
tx_user_19_0,user_19,2025-11-19T02:14:41.691756,confirmed,79.33
tx_user_19_1,user_19,2025-11-17T11:31:02.827971,pending,13.05
tx_user_19_2,user_19,2025-11-28T08:33:10.249962,confirmed,46.14
tx_user_19_3,user_19,2025-11-22T01:22:01.686712,confirmed,42.91
tx_user_19_4,user_19,2025-11-25T21:25:22.154589,confirmed,33.73
tx_user_19_5,user_19,2025-11-27T04:42:59.303718,confirmed,8.86
tx_user_20_0,user_20,2025-11-17T19:52:46.526589,confirmed,93.21
tx_user_20_1,user_20,2025-11-06T09:00:21.554557,confirmed,48.24
tx_user_20_2,user_20,2025-11-10T14:18:54.552689,confirmed,38.73
tx_user_20_3,user_20,2025-11-23T18:52:40.097996,pending,42.42
tx_user_20_4,user_20,2025-11-18T12:03:05.913322,confirmed,51.94
tx_user_20_5,user_20,2025-11-30T04:01:32.809921,confirmed,56.58
tx_user_20_6,user_20,2025-11-21T22:25:35.226613,confirmed,102.64
tx_user_20_7,user_20,2025-11-12T06:41:34.242528,confirmed,70.82
tx_user_20_8,user_20,2025-11-23T20:14:19.883012,confirmed,102.96
tx_user_21_0,user_21,2025-11-17T12:37:36.122176,confirmed,88.44
tx_user_21_1,user_21,2025-12-02T00:37:01.621563,confirmed,63.21
tx_user_21_2,user_21,2025-11-24T01:49:11.401504,confirmed,97.05
tx_user_21_3,user_21,2025-11-07T23:52:40.542966,pending,94.91
tx_user_21_4,user_21,2025-11-10T06:01:10.894040,confirmed,49.11
tx_user_22_0,user_22,2025-11-11T21:06:55.301218,confirmed,28.15
tx_user_22_1,user_22,2025-11-03T16:33:29.911678,confirmed,44.98
tx_user_22_2,user_22,2025-11-04T17:18:16.128256,confirmed,61.82
tx_user_22_3,user_22,2025-11-25T12:26:44.205247,confirmed,36.57
tx_user_22_4,user_22,2025-11-24T12:32:14.624787,confirmed,17.76
tx_user_22_5,user_22,2025-12-01T10:02:59.494197,pending,46.16
tx_user_22_6,user_22,2025-11-22T14:09:01.433611,confirmed,62.47
tx_user_22_7,user_22,2025-11-21T18:04:46.405643,confirmed,80.87
tx_user_22_8,user_22,2025-11-27T04:19:52.542243,confirmed,32.76
tx_user_22_9,user_22,2025-11-02T22:41:41.931942,confirmed,3.2
tx_user_22_10,user_22,2025-11-25T05:02:44.979386,confirmed,103.39
tx_user_22_11,user_22,2025-11-02T02:04:42.275691,confirmed,38.79
tx_user_22_12,user_22,2025-11-26T09:55:49.218817,pending,11.7
tx_user_22_13,user_22,2025-11-17T13:00:22.135193,pending,46.02
tx_user_23_0,user_23,2025-11-23T18:04:26.199768,confirmed,1.81
tx_user_23_1,user_23,2025-11-24T07:28:32.971870,pending,30.28
tx_user_23_2,user_23,2025-11-18T09:29:51.437137,confirmed,40.25
tx_user_23_3,user_23,2025-11-03T11:14:41.153098,confirmed,48.63
tx_user_23_4,user_23,2025-11-12T07:36:55.856841,confirmed,30.36
tx_user_23_5,user_23,2025-11-21T20:50:24.114533,confirmed,78.79
tx_user_23_6,user_23,2025-11-30T14:31:40.776670,confirmed,71.58
tx_user_23_7,user_23,2025-11-06T23:15:49.232927,confirmed,28.56
tx_user_24_0,user_24,2025-11-16T15:09:52.816991,confirmed,9.84
tx_user_24_1,user_24,2025-11-29T04:23:00.795269,pending,22.36
tx_user_24_2,user_24,2025-11-07T06:34:45.717144,confirmed,41.03
tx_user_24_3,user_24,2025-11-23T09:54:20.626639,confirmed,31.98
tx_user_24_4,user_24,2025-11-26T00:57:58.356440,confirmed,8.37
tx_user_24_5,user_24,2025-11-29T17:03:57.488519,confirmed,30.99
tx_user_24_6,user_24,2025-11-15T05:17:16.941958,confirmed,22.45
tx_user_24_7,user_24,2025-11-07T17:07:08.433864,confirmed,82.7
tx_user_24_8,user_24,2025-11-21T10:41:53.771856,confirmed,105.5
tx_user_25_0,user_25,2025-11-19T13:10:17.717532,confirmed,58.3
tx_user_25_1,user_25,2025-11-08T00:33:40.022335,confirmed,57.93
tx_user_25_2,user_25,2025-11-09T20:54:46.520658,confirmed,95.26
tx_user_25_3,user_25,2025-11-13T05:15:10.494117,confirmed,86.46
tx_user_25_4,user_25,2025-11-23T09:13:00.897650,confirmed,82.81
tx_user_25_5,user_25,2025-11-11T11:27:03.202141,pending,20.13
tx_user_25_6,user_25,2025-11-10T21:43:05.119801,confirmed,55.84
tx_user_25_7,user_25,2025-11-03T21:04:03.833256,pending,91.28
tx_user_25_8,user_25,2025-11-20T07:48:16.907656,pending,20.41
tx_user_25_9,user_25,2025-11-15T13:16:35.254703,confirmed,127.45
tx_user_26_0,user_26,2025-11-09T12:22:39.494344,pending,58.0
tx_user_26_1,user_26,2025-11-05T10:41:37.763404,confirmed,64.79
tx_user_26_2,user_26,2025-11-26T22:33:33.389756,confirmed,1.14
tx_user_26_3,user_26,2025-11-20T05:40:51.370625,confirmed,29.12
tx_user_26_4,user_26,2025-12-01T09:48:42.947093,confirmed,22.55
tx_user_26_5,user_26,2025-11-20T07:30:44.146649,confirmed,0.17
tx_user_26_6,user_26,2025-11-06T11:16:01.211138,confirmed,43.23
tx_user_26_7,user_26,2025-11-28T12:50:35.516693,confirmed,11.29
tx_user_27_0,user_27,2025-11-29T15:41:14.444158,confirmed,20.26
tx_user_27_1,user_27,2025-11-28T05:49:38.339964,confirmed,42.97
tx_user_27_2,user_27,2025-11-17T18:33:20.300814,confirmed,8.1
tx_user_27_3,user_27,2025-11-15T13:50:11.927249,confirmed,48.79
tx_user_27_4,user_27,2025-11-02T20:35:49.906332,confirmed,67.16
tx_user_27_5,user_27,2025-11-25T19:39:28.780932,pending,3.64
tx_user_27_6,user_27,2025-11-06T04:06:27.995554,confirmed,91.85
tx_user_27_7,user_27,2025-11-19T12:24:29.117646,confirmed,49.36
tx_user_27_8,user_27,2025-11-30T12:16:09.499255,confirmed,94.09
tx_user_27_9,user_27,2025-11-15T07:07:01.120546,confirmed,9.15
tx_user_28_0,user_28,2025-11-06T23:44:18.570505,pending,29.72
tx_user_28_1,user_28,2025-11-18T09:47:45.397735,confirmed,42.2
tx_user_28_2,user_28,2025-11-19T03:42:57.456041,confirmed,21.41
tx_user_28_3,user_28,2025-11-04T02:36:04.512019,confirmed,55.25
tx_user_28_4,user_28,2025-11-11T13:19:26.534534,confirmed,66.5
tx_user_28_5,user_28,2025-11-16T04:36:05.510788,confirmed,47.06
tx_user_28_6,user_28,2025-11-17T07:00:55.657078,pending,86.55
tx_user_28_7,user_28,2025-11-19T04:09:13.899127,confirmed,22.5
tx_user_29_0,user_29,2025-11-02T23:50:16.768080,confirmed,74.82
tx_user_29_1,user_29,2025-11-06T17:59:37.166685,confirmed,50.91
tx_user_29_2,user_29,2025-11-12T10:20:47.783239,confirmed,46.1
tx_user_29_3,user_29,2025-11-08T09:59:05.829243,confirmed,26.56
tx_user_29_4,user_29,2025-11-11T11:05:14.239947,confirmed,106.97
tx_user_29_5,user_29,2025-11-16T16:24:07.082806,confirmed,82.86
tx_user_29_6,user_29,2025-11-10T09:55:02.714510,confirmed,75.26
tx_user_29_7,user_29,2025-11-18T13:28:32.209818,confirmed,47.07
tx_user_29_8,user_29,2025-11-22T20:12:08.423568,confirmed,42.76
tx_user_30_0,user_30,2025-11-18T02:07:59.396737,confirmed,70.62
tx_user_30_1,user_30,2025-11-23T04:36:49.681585,confirmed,83.98
tx_user_30_2,user_30,2025-11-10T05:03:08.495635,pending,54.54
tx_user_30_3,user_30,2025-11-15T11:28:30.699336,confirmed,64.96
tx_user_30_4,user_30,2025-11-17T15:15:39.160627,confirmed,46.81
tx_user_30_5,user_30,2025-11-11T02:52:48.536071,confirmed,34.18
tx_user_30_6,user_30,2025-11-20T23:36:06.465615,confirmed,42.76
tx_user_31_0,user_31,2025-11-15T07:00:29.167005,confirmed,36.83
tx_user_31_1,user_31,2025-11-12T23:37:45.952487,confirmed,59.06
tx_user_31_2,user_31,2025-11-30T23:37:44.076302,pending,49.62
tx_user_31_3,user_31,2025-11-14T19:11:56.718417,pending,36.3
tx_user_31_4,user_31,2025-11-03T01:02:53.614557,confirmed,43.35
tx_user_31_5,user_31,2025-11-20T20:11:16.090231,confirmed,15.11
tx_user_32_0,user_32,2025-11-20T03:21:24.619817,confirmed,58.84
tx_user_32_1,user_32,2025-11-25T01:03:40.480325,confirmed,78.78
tx_user_32_2,user_32,2025-11-13T17:45:22.488604,confirmed,56.23
tx_user_33_0,user_33,2025-11-12T00:38:03.144034,confirmed,82.39
tx_user_33_1,user_33,2025-11-20T09:55:47.461112,confirmed,54.98
tx_user_33_2,user_33,2025-11-20T10:15:08.652309,confirmed,12.62
tx_user_33_3,user_33,2025-11-18T12:34:41.999023,confirmed,86.42
tx_user_33_4,user_33,2025-11-03T23:14:30.579991,confirmed,25.56
tx_user_33_5,user_33,2025-11-06T04:36:53.307063,confirmed,107.16
tx_user_33_6,user_33,2025-11-26T06:38:41.335554,confirmed,0.6
tx_user_33_7,user_33,2025-11-16T21:33:36.515035,confirmed,89.05
tx_user_33_8,user_33,2025-11-03T01:44:14.251968,pending,34.74
tx_user_33_9,user_33,2025-11-14T05:44:44.420307,confirmed,66.74
tx_user_33_10,user_33,2025-11-04T18:46:05.136017,confirmed,72.35
tx_user_33_11,user_33,2025-11-30T04:31:40.997852,confirmed,8.82
tx_user_33_12,user_33,2025-11-30T10:22:14.195527,pending,29.22
tx_user_34_0,user_34,2025-11-25T20:10:10.312122,confirmed,33.99
tx_user_34_1,user_34,2025-11-07T19:37:53.446333,confirmed,77.02
tx_user_34_2,user_34,2025-11-22T14:36:18.856582,confirmed,54.78
tx_user_34_3,user_34,2025-11-05T06:38:08.908165,confirmed,82.08
tx_user_34_4,user_34,2025-11-23T02:00:48.264850,confirmed,41.93
tx_user_34_5,user_34,2025-11-18T08:17:22.560006,confirmed,74.84
tx_user_34_6,user_34,2025-11-20T07:58:51.996978,confirmed,50.33
tx_user_35_0,user_35,2025-11-13T16:00:43.425093,confirmed,73.12
tx_user_35_1,user_35,2025-12-01T01:45:24.084091,confirmed,36.68
tx_user_35_2,user_35,2025-12-02T15:19:11.887934,confirmed,51.82
tx_user_35_3,user_35,2025-11-10T11:00:59.657147,confirmed,17.0
tx_user_35_4,user_35,2025-11-21T07:57:31.267284,confirmed,43.32
tx_user_35_5,user_35,2025-11-02T15:25:05.118842,confirmed,40.25
tx_user_36_0,user_36,2025-11-06T23:08:17.987912,confirmed,65.22
tx_user_36_1,user_36,2025-11-16T16:41:51.049531,confirmed,86.47
tx_user_36_2,user_36,2025-11-25T07:53:20.759396,confirmed,38.91
tx_user_36_3,user_36,2025-11-26T11:16:03.507621,confirmed,75.22
tx_user_36_4,user_36,2025-11-28T12:40:00.852583,confirmed,5.37
tx_user_36_5,user_36,2025-11-06T22:15:40.910120,confirmed,73.03
tx_user_37_0,user_37,2025-11-02T14:17:33.674849,confirmed,46.45
tx_user_37_1,user_37,2025-11-05T01:19:23.592623,confirmed,15.69
tx_user_37_2,user_37,2025-11-02T17:05:34.555329,confirmed,57.24
tx_user_37_3,user_37,2025-11-03T02:21:14.251852,pending,30.27
tx_user_37_4,user_37,2025-11-15T16:07:09.245652,confirmed,119.33
tx_user_37_5,user_37,2025-11-29T21:02:27.666639,confirmed,90.24
tx_user_37_6,user_37,2025-11-25T22:47:26.993107,pending,96.05
tx_user_37_7,user_37,2025-11-15T00:57:21.117542,confirmed,33.63
tx_user_38_0,user_38,2025-11-30T19:06:37.898805,confirmed,72.82
tx_user_38_1,user_38,2025-11-05T08:07:17.773151,pending,81.3
tx_user_38_2,user_38,2025-11-30T01:58:07.501918,confirmed,68.79
tx_user_38_3,user_38,2025-11-30T06:37:04.616498,confirmed,81.71
tx_user_38_4,user_38,2025-12-01T02:07:15.692470,confirmed,49.32
tx_user_38_5,user_38,2025-11-02T18:15:33.199020,confirmed,9.44
tx_user_38_6,user_38,2025-11-20T05:01:23.281635,pending,53.51
tx_user_38_7,user_38,2025-11-10T11:54:00.466108,confirmed,40.96
tx_user_38_8,user_38,2025-11-12T06:34:50.389324,confirmed,40.58
tx_user_38_9,user_38,2025-11-05T09:51:26.702767,confirmed,108.67
tx_user_39_0,user_39,2025-11-20T00:17:48.960370,confirmed,55.92
tx_user_39_1,user_39,2025-11-27T09:17:19.700238,confirmed,16.57
tx_user_39_2,user_39,2025-11-15T02:20:43.261476,confirmed,61.33
tx_user_39_3,user_39,2025-11-30T14:29:32.675384,confirmed,53.75
tx_user_39_4,user_39,2025-11-27T00:05:17.290240,confirmed,99.19
tx_user_39_5,user_39,2025-11-21T13:34:56.056502,confirmed,57.31
tx_user_39_6,user_39,2025-11-20T05:05:53.408449,confirmed,62.86
tx_user_39_7,user_39,2025-11-17T20:16:25.945229,confirmed,13.56
tx_user_40_0,user_40,2025-11-24T01:32:40.389452,confirmed,65.52
tx_user_40_1,user_40,2025-11-05T05:18:51.951401,confirmed,16.65
tx_user_40_2,user_40,2025-11-23T13:13:54.121994,pending,115.05
tx_user_40_3,user_40,2025-11-11T11:15:50.430310,confirmed,48.67
tx_user_40_4,user_40,2025-11-14T17:28:03.469713,confirmed,44.55
tx_user_40_5,user_40,2025-11-27T18:04:52.030278,confirmed,50.49
tx_user_40_6,user_40,2025-11-11T11:03:49.094333,confirmed,14.09
tx_user_40_7,user_40,2025-11-04T01:15:34.444182,confirmed,43.67
tx_user_40_8,user_40,2025-11-30T14:22:13.665993,confirmed,101.38
tx_user_40_9,user_40,2025-11-16T14:01:02.558804,confirmed,64.46
tx_user_40_10,user_40,2025-11-30T17:16:34.968736,pending,30.96
tx_user_40_11,user_40,2025-11-17T07:51:42.937170,confirmed,47.04
tx_user_41_0,user_41,2025-11-05T03:14:56.505570,confirmed,46.74
tx_user_41_1,user_41,2025-11-14T00:09:05.371167,confirmed,86.1
tx_user_41_2,user_41,2025-11-27T04:54:34.066374,confirmed,80.99
tx_user_41_3,user_41,2025-11-06T07:51:13.090427,confirmed,44.83
tx_user_41_4,user_41,2025-11-07T11:11:18.748004,confirmed,67.85
tx_user_41_5,user_41,2025-11-17T23:38:54.958722,confirmed,47.09
tx_user_41_6,user_41,2025-11-12T08:17:43.253499,confirmed,82.59
tx_user_41_7,user_41,2025-11-22T02:18:13.905730,confirmed,3.01
tx_user_41_8,user_41,2025-11-20T02:44:56.544475,confirmed,40.5
tx_user_41_9,user_41,2025-11-29T01:10:45.433295,confirmed,77.01
tx_user_42_0,user_42,2025-12-01T10:32:23.524353,confirmed,53.91
tx_user_42_1,user_42,2025-12-01T02:08:19.565179,confirmed,26.45
tx_user_42_2,user_42,2025-11-14T14:02:29.198030,confirmed,33.44
tx_user_42_3,user_42,2025-11-30T03:52:57.308615,pending,39.6
tx_user_42_4,user_42,2025-11-22T05:40:50.393552,confirmed,12.78
tx_user_42_5,user_42,2025-11-03T13:32:04.599063,confirmed,46.37
tx_user_42_6,user_42,2025-11-11T16:33:42.139469,pending,86.39
tx_user_42_7,user_42,2025-11-17T16:05:21.628548,confirmed,104.67
tx_user_42_8,user_42,2025-11-28T18:08:57.445081,confirmed,62.27
tx_user_42_9,user_42,2025-11-15T03:49:27.442001,confirmed,20.57
tx_user_42_10,user_42,2025-11-13T19:29:29.068653,confirmed,106.76
tx_user_43_0,user_43,2025-11-09T23:37:31.524457,confirmed,90.85
tx_user_43_1,user_43,2025-11-03T15:03:22.925903,pending,50.1
tx_user_43_2,user_43,2025-12-02T01:32:20.369292,confirmed,68.81
tx_user_43_3,user_43,2025-11-25T10:29:19.883724,confirmed,50.74
tx_user_43_4,user_43,2025-11-30T17:34:44.740719,confirmed,28.27
tx_user_43_5,user_43,2025-11-14T07:40:31.174803,confirmed,57.19
tx_user_43_6,user_43,2025-11-12T17:23:06.095771,pending,54.6
tx_user_43_7,user_43,2025-11-16T06:06:21.376669,confirmed,13.48
tx_user_43_8,user_43,2025-11-12T23:59:42.099440,confirmed,45.25
tx_user_44_0,user_44,2025-11-19T00:50:43.332958,confirmed,40.39
tx_user_44_1,user_44,2025-11-23T12:45:15.307292,pending,23.99
tx_user_44_2,user_44,2025-11-11T03:00:25.596710,confirmed,37.77
tx_user_44_3,user_44,2025-11-09T00:46:35.106774,pending,38.71
tx_user_44_4,user_44,2025-11-12T21:58:16.296479,pending,37.02
tx_user_44_5,user_44,2025-11-10T15:38:26.131335,pending,80.61
tx_user_44_6,user_44,2025-11-13T13:50:57.853901,pending,39.99
tx_user_44_7,user_44,2025-11-06T17:12:49.922700,confirmed,53.95
tx_user_44_8,user_44,2025-11-30T01:32:57.525726,confirmed,29.38
tx_user_44_9,user_44,2025-11-04T20:32:51.713938,confirmed,9.2
tx_user_45_0,user_45,2025-11-02T16:18:12.003378,confirmed,19.28
tx_user_45_1,user_45,2025-11-17T03:42:22.819518,pending,46.23
tx_user_45_2,user_45,2025-11-29T00:08:05.193955,confirmed,16.3
tx_user_45_3,user_45,2025-11-13T08:19:09.985651,pending,10.96
tx_user_45_4,user_45,2025-11-20T02:27:43.301177,pending,57.99
tx_user_45_5,user_45,2025-11-06T09:02:32.536795,pending,53.46
tx_user_45_6,user_45,2025-11-20T08:17:53.417059,confirmed,70.56
tx_user_45_7,user_45,2025-11-11T22:51:47.867812,confirmed,75.95
tx_user_46_0,user_46,2025-12-01T02:36:41.376284,confirmed,26.7
tx_user_46_1,user_46,2025-11-23T01:09:30.823693,confirmed,37.56
tx_user_46_2,user_46,2025-11-23T11:08:43.725368,confirmed,20.42
tx_user_46_3,user_46,2025-11-28T17:33:30.881171,confirmed,40.57
tx_user_46_4,user_46,2025-11-05T19:35:38.931913,confirmed,14.59
tx_user_46_5,user_46,2025-11-25T20:59:54.022730,confirmed,119.31
tx_user_46_6,user_46,2025-11-05T22:11:30.250394,confirmed,21.83
tx_user_46_7,user_46,2025-11-20T18:56:23.110025,confirmed,21.26
tx_user_47_0,user_47,2025-11-20T02:56:31.056246,confirmed,100.32
tx_user_47_1,user_47,2025-11-30T09:01:56.900893,confirmed,101.21
tx_user_47_2,user_47,2025-11-02T04:29:57.072917,pending,16.04
tx_user_47_3,user_47,2025-11-04T21:29:21.359699,pending,12.43
tx_user_47_4,user_47,2025-11-03T02:45:13.482683,confirmed,59.39
tx_user_47_5,user_47,2025-11-15T20:44:16.471807,confirmed,5.45
tx_user_48_0,user_48,2025-11-15T07:58:54.800520,confirmed,9.89
tx_user_48_1,user_48,2025-11-07T00:47:33.325565,confirmed,101.0
tx_user_48_2,user_48,2025-11-28T18:42:50.535846,confirmed,79.17
tx_user_48_3,user_48,2025-11-26T08:30:00.250660,pending,98.89
tx_user_48_4,user_48,2025-11-13T11:59:13.136229,confirmed,20.84
tx_user_48_5,user_48,2025-11-02T14:32:50.458236,pending,47.96
tx_user_48_6,user_48,2025-11-12T05:20:37.495102,confirmed,40.4
tx_user_48_7,user_48,2025-11-07T08:22:08.451358,confirmed,73.68
tx_user_48_8,user_48,2025-11-12T23:35:15.301646,confirmed,10.65
tx_user_48_9,user_48,2025-11-12T04:09:09.359268,confirmed,91.68
tx_user_48_10,user_48,2025-11-21T05:27:45.943498,confirmed,18.7
tx_user_48_11,user_48,2025-11-09T15:01:46.263405,pending,68.16
tx_user_48_12,user_48,2025-11-14T09:54:34.853121,confirmed,36.57
tx_user_49_0,user_49,2025-11-03T02:40:07.123342,pending,14.85
tx_user_49_1,user_49,2025-11-03T22:53:47.213227,confirmed,106.99
tx_user_49_2,user_49,2025-11-03T10:40:36.984198,confirmed,97.16
tx_user_49_3,user_49,2025-11-16T04:25:04.279513,confirmed,25.74
tx_user_49_4,user_49,2025-11-06T20:57:34.956212,confirmed,35.83
tx_user_49_5,user_49,2025-11-13T21:35:26.324252,confirmed,35.51
tx_user_49_6,user_49,2025-11-30T23:59:24.010705,confirmed,55.88
tx_user_49_7,user_49,2025-11-19T21:25:31.996277,pending,53.76
tx_user_50_0,user_50,2025-11-24T08:33:07.507448,confirmed,59.4
tx_user_50_1,user_50,2025-11-08T01:33:06.084042,confirmed,26.51
tx_user_50_2,user_50,2025-11-24T04:36:18.000040,confirmed,40.48
tx_user_50_3,user_50,2025-11-25T23:04:11.256559,confirmed,6.28
tx_user_50_4,user_50,2025-11-13T20:05:04.187596,confirmed,24.79
tx_user_50_5,user_50,2025-11-29T19:07:13.873785,confirmed,72.94
tx_user_50_6,user_50,2025-11-27T10:30:55.522929,confirmed,112.17
tx_user_50_7,user_50,2025-12-02T00:49:31.102865,confirmed,26.79
tx_user_51_0,user_51,2025-11-11T13:08:09.615623,confirmed,60.87
tx_user_51_1,user_51,2025-11-14T06:34:27.119209,confirmed,117.91
tx_user_51_2,user_51,2025-11-07T18:55:22.314168,confirmed,76.75
tx_user_51_3,user_51,2025-11-02T19:37:24.724382,pending,55.73
tx_user_51_4,user_51,2025-11-14T10:26:13.727705,confirmed,19.26
tx_user_51_5,user_51,2025-11-28T20:29:44.548980,confirmed,57.86
tx_user_51_6,user_51,2025-11-13T20:50:19.105059,confirmed,53.26
tx_user_51_7,user_51,2025-11-16T20:16:38.702148,confirmed,51.91
tx_user_51_8,user_51,2025-11-19T03:30:01.668755,confirmed,43.13
tx_user_51_9,user_51,2025-11-10T00:01:59.179462,confirmed,63.65
tx_user_52_0,user_52,2025-11-19T09:21:51.258404,confirmed,27.73
tx_user_52_1,user_52,2025-11-18T01:54:57.286349,confirmed,72.89
tx_user_52_2,user_52,2025-11-21T08:26:18.862503,confirmed,68.74
tx_user_52_3,user_52,2025-11-25T13:12:41.757367,confirmed,9.0
tx_user_52_4,user_52,2025-12-01T16:45:33.245659,confirmed,23.26
tx_user_52_5,user_52,2025-11-10T02:55:46.082994,confirmed,77.77
tx_user_52_6,user_52,2025-11-14T02:41:54.462457,confirmed,125.97
tx_user_52_7,user_52,2025-11-06T02:27:42.226365,confirmed,71.56
tx_user_52_8,user_52,2025-11-06T02:41:05.600068,confirmed,23.79
tx_user_52_9,user_52,2025-11-17T01:06:07.587452,confirmed,50.77
tx_user_52_10,user_52,2025-11-10T09:16:23.172481,confirmed,71.69
tx_user_52_11,user_52,2025-11-24T06:57:52.145371,confirmed,26.2
tx_user_53_0,user_53,2025-11-26T08:39:15.295202,pending,54.91
tx_user_53_1,user_53,2025-11-27T14:57:08.051598,confirmed,56.85
tx_user_53_2,user_53,2025-11-16T04:58:55.741689,confirmed,17.37
tx_user_53_3,user_53,2025-11-25T17:44:01.288102,confirmed,66.48
tx_user_53_4,user_53,2025-11-10T03:04:58.131274,confirmed,18.58
tx_user_54_0,user_54,2025-11-28T09:04:52.096625,confirmed,53.47
tx_user_54_1,user_54,2025-12-01T15:35:11.471658,confirmed,62.55
tx_user_54_2,user_54,2025-11-10T05:06:15.083941,confirmed,32.28
tx_user_54_3,user_54,2025-11-13T22:22:55.065005,confirmed,35.0
tx_user_54_4,user_54,2025-11-28T04:27:36.946115,confirmed,46.44
tx_user_55_0,user_55,2025-11-03T16:45:34.700277,pending,28.18
tx_user_55_1,user_55,2025-11-12T04:21:33.337393,confirmed,5.39
tx_user_55_2,user_55,2025-11-23T18:56:17.357694,confirmed,97.23
tx_user_55_3,user_55,2025-11-09T11:13:08.329401,confirmed,37.63
tx_user_56_0,user_56,2025-11-13T04:25:40.753472,confirmed,34.83
tx_user_56_1,user_56,2025-11-24T16:17:57.985805,confirmed,11.89
tx_user_56_2,user_56,2025-11-16T16:50:03.621837,pending,60.66
tx_user_56_3,user_56,2025-11-20T02:15:22.571976,confirmed,55.82
tx_user_56_4,user_56,2025-11-21T13:13:16.595178,pending,25.63
tx_user_56_5,user_56,2025-11-22T08:51:39.797952,confirmed,78.28
tx_user_56_6,user_56,2025-11-27T13:28:11.410985,confirmed,114.13
tx_user_56_7,user_56,2025-11-18T11:22:22.159686,confirmed,111.37
tx_user_56_8,user_56,2025-11-25T15:50:16.108252,confirmed,51.5
tx_user_56_9,user_56,2025-11-09T07:05:25.156726,confirmed,82.07
tx_user_57_0,user_57,2025-11-20T08:30:13.324008,confirmed,9.31
tx_user_57_1,user_57,2025-11-07T23:08:09.468292,confirmed,14.26
tx_user_57_2,user_57,2025-12-01T01:02:44.823583,confirmed,44.84
tx_user_57_3,user_57,2025-11-21T15:23:08.842285,confirmed,56.63
tx_user_57_4,user_57,2025-11-22T18:38:55.660899,confirmed,16.25
tx_user_57_5,user_57,2025-11-29T18:29:45.474683,confirmed,1.79
tx_user_57_6,user_57,2025-11-25T07:01:37.354863,confirmed,14.9
tx_user_57_7,user_57,2025-11-18T16:59:34.690272,confirmed,16.78
tx_user_58_0,user_58,2025-11-21T09:48:12.230507,confirmed,108.04
tx_user_58_1,user_58,2025-11-17T04:14:12.001706,confirmed,75.57
tx_user_58_2,user_58,2025-11-21T16:02:06.906656,confirmed,8.71
tx_user_58_3,user_58,2025-11-10T15:39:39.200052,pending,41.04
tx_user_58_4,user_58,2025-11-26T04:31:24.467124,confirmed,10.48
tx_user_58_5,user_58,2025-11-12T01:30:37.809620,confirmed,59.33
tx_user_59_0,user_59,2025-11-25T15:11:21.449970,pending,55.12
tx_user_59_1,user_59,2025-11-30T11:51:01.956742,confirmed,30.89
tx_user_59_2,user_59,2025-11-17T16:23:27.018731,pending,125.51
tx_user_59_3,user_59,2025-11-03T05:22:04.315949,confirmed,37.77
tx_user_59_4,user_59,2025-11-23T10:44:46.089642,confirmed,103.15
tx_user_60_0,user_60,2025-11-14T07:52:50.685889,confirmed,34.64
tx_user_60_1,user_60,2025-11-06T10:42:15.631461,confirmed,86.68
tx_user_60_2,user_60,2025-11-06T14:42:02.955941,confirmed,85.67
tx_user_60_3,user_60,2025-11-15T14:08:25.842633,confirmed,31.18
tx_user_60_4,user_60,2025-11-13T05:36:43.607641,pending,102.57
tx_user_60_5,user_60,2025-11-26T20:33:32.080893,confirmed,50.89
tx_user_60_6,user_60,2025-11-30T11:29:32.660269,confirmed,55.4
tx_user_60_7,user_60,2025-11-13T12:36:57.098735,confirmed,63.84
tx_user_61_0,user_61,2025-11-22T08:37:44.916363,pending,72.81
tx_user_61_1,user_61,2025-11-11T07:32:48.268284,confirmed,96.14
tx_user_61_2,user_61,2025-11-26T03:07:29.916678,confirmed,23.48
tx_user_61_3,user_61,2025-11-06T05:05:24.205028,confirmed,38.81
tx_user_61_4,user_61,2025-11-14T02:36:26.636010,confirmed,20.97
tx_user_61_5,user_61,2025-11-23T14:57:17.710043,confirmed,64.24
tx_user_61_6,user_61,2025-11-05T18:34:45.836099,confirmed,85.18
tx_user_61_7,user_61,2025-11-08T06:56:17.115948,confirmed,60.09
tx_user_61_8,user_61,2025-11-16T05:29:02.124145,pending,42.2
tx_user_61_9,user_61,2025-11-24T10:22:40.308834,confirmed,16.95
tx_user_61_10,user_61,2025-12-02T10:51:06.020339,confirmed,74.35
tx_user_62_0,user_62,2025-11-19T12:46:14.485175,confirmed,80.1
tx_user_62_1,user_62,2025-11-13T07:40:28.735686,pending,37.46
tx_user_62_2,user_62,2025-11-23T16:41:45.234390,confirmed,35.69
tx_user_62_3,user_62,2025-11-09T19:52:54.783943,confirmed,48.28
tx_user_62_4,user_62,2025-11-19T16:49:49.927283,confirmed,59.58
tx_user_62_5,user_62,2025-11-12T17:05:30.444652,confirmed,41.93
tx_user_62_6,user_62,2025-11-21T19:47:12.566293,confirmed,45.69
tx_user_62_7,user_62,2025-11-06T16:42:30.225451,confirmed,50.28
tx_user_62_8,user_62,2025-11-22T07:06:56.734837,confirmed,36.58
tx_user_62_9,user_62,2025-11-21T02:34:22.601213,confirmed,101.52
tx_user_63_0,user_63,2025-11-14T10:52:45.985924,confirmed,106.14
tx_user_63_1,user_63,2025-11-06T10:13:49.844336,confirmed,64.94
tx_user_63_2,user_63,2025-11-30T13:42:31.222845,pending,82.84
tx_user_63_3,user_63,2025-11-02T17:26:29.534431,confirmed,122.46
tx_user_63_4,user_63,2025-11-13T02:51:34.370794,confirmed,11.18
tx_user_63_5,user_63,2025-11-17T17:47:42.279306,confirmed,57.05
tx_user_63_6,user_63,2025-12-01T19:02:19.826689,confirmed,165.51
tx_user_63_7,user_63,2025-11-16T03:44:35.706202,confirmed,59.89
tx_user_64_0,user_64,2025-12-01T19:38:46.963150,confirmed,2.9
tx_user_64_1,user_64,2025-11-29T08:30:15.096294,confirmed,100.81
tx_user_64_2,user_64,2025-11-24T11:25:31.011914,pending,58.75
tx_user_64_3,user_64,2025-11-17T03:04:55.082963,confirmed,52.02
tx_user_64_4,user_64,2025-11-25T07:00:41.951304,confirmed,61.52
tx_user_64_5,user_64,2025-11-08T17:49:06.377909,confirmed,29.97
tx_user_64_6,user_64,2025-11-08T10:58:06.639323,confirmed,8.66
tx_user_64_7,user_64,2025-11-20T06:57:15.103190,confirmed,66.01
tx_user_65_0,user_65,2025-11-30T02:51:54.715172,confirmed,32.8
tx_user_65_1,user_65,2025-11-11T10:29:56.251174,pending,52.34
tx_user_65_2,user_65,2025-11-10T21:37:10.304601,confirmed,31.35
tx_user_65_3,user_65,2025-11-17T00:11:00.221705,confirmed,17.47
tx_user_65_4,user_65,2025-11-26T07:57:42.689447,confirmed,21.96
tx_user_65_5,user_65,2025-12-02T04:40:48.490792,pending,102.63
tx_user_65_6,user_65,2025-11-23T08:45:52.686871,confirmed,66.72
tx_user_66_0,user_66,2025-11-14T12:48:02.783662,confirmed,52.32
tx_user_66_1,user_66,2025-11-17T02:50:15.454797,confirmed,24.43
tx_user_66_2,user_66,2025-11-19T13:43:15.389825,confirmed,41.43
tx_user_66_3,user_66,2025-11-10T17:20:23.192652,confirmed,7.78
tx_user_66_4,user_66,2025-11-29T23:58:15.888772,confirmed,72.35
tx_user_67_0,user_67,2025-11-04T06:02:37.883234,confirmed,4.43
tx_user_67_1,user_67,2025-11-19T21:55:00.805400,confirmed,45.84
tx_user_67_2,user_67,2025-11-26T07:02:44.982130,pending,55.06
tx_user_67_3,user_67,2025-11-09T08:12:47.523390,confirmed,56.02
tx_user_67_4,user_67,2025-11-28T23:20:52.408987,confirmed,29.37
tx_user_67_5,user_67,2025-11-10T12:54:23.941102,confirmed,84.42
tx_user_68_0,user_68,2025-11-15T18:02:51.201987,confirmed,61.27
tx_user_68_1,user_68,2025-11-29T19:26:04.166798,confirmed,19.55
tx_user_68_2,user_68,2025-11-05T07:31:10.769154,pending,96.37
tx_user_68_3,user_68,2025-11-26T11:58:05.076284,confirmed,35.81
tx_user_68_4,user_68,2025-11-26T07:05:24.574454,confirmed,81.81
tx_user_68_5,user_68,2025-11-07T20:57:50.330124,pending,12.55
tx_user_68_6,user_68,2025-11-04T06:25:01.294618,confirmed,95.88
tx_user_68_7,user_68,2025-11-18T19:58:07.513778,pending,23.43
tx_user_68_8,user_68,2025-11-26T02:08:38.144907,confirmed,27.18
tx_user_68_9,user_68,2025-11-13T14:55:39.951021,confirmed,17.32
tx_user_69_0,user_69,2025-11-29T09:06:33.155208,confirmed,51.0
tx_user_69_1,user_69,2025-11-13T23:12:15.989614,confirmed,53.33
tx_user_69_2,user_69,2025-11-27T12:41:41.212425,confirmed,62.89
tx_user_69_3,user_69,2025-11-09T22:14:46.014376,confirmed,57.92
tx_user_69_4,user_69,2025-11-17T05:26:21.929669,confirmed,27.67
tx_user_69_5,user_69,2025-11-21T19:30:50.478022,confirmed,73.62
tx_user_70_0,user_70,2025-11-09T04:53:16.533091,confirmed,67.14
tx_user_70_1,user_70,2025-11-18T17:27:43.900280,confirmed,61.97
tx_user_70_2,user_70,2025-11-03T13:53:35.974375,confirmed,61.18
tx_user_70_3,user_70,2025-11-06T20:40:49.836760,pending,41.88
tx_user_70_4,user_70,2025-11-26T16:52:02.674965,pending,7.81
tx_user_70_5,user_70,2025-11-22T16:42:37.400144,confirmed,40.73
tx_user_71_0,user_71,2025-11-06T22:40:38.252676,confirmed,86.43
tx_user_71_1,user_71,2025-11-08T23:32:50.251951,pending,21.99
tx_user_71_2,user_71,2025-11-24T19:34:42.123567,confirmed,32.11
tx_user_71_3,user_71,2025-11-04T11:02:03.405850,confirmed,31.72
tx_user_71_4,user_71,2025-11-30T15:45:19.280049,confirmed,95.71
tx_user_72_0,user_72,2025-11-07T02:13:13.124877,pending,66.96
tx_user_72_1,user_72,2025-11-18T09:32:24.941465,confirmed,9.57
tx_user_72_2,user_72,2025-11-16T11:10:14.251092,confirmed,95.15
tx_user_72_3,user_72,2025-12-01T08:54:56.867719,pending,76.6
tx_user_72_4,user_72,2025-11-10T14:29:57.128687,confirmed,25.17
tx_user_72_5,user_72,2025-11-08T23:05:50.497205,confirmed,40.7
tx_user_73_0,user_73,2025-11-09T01:51:33.220048,pending,140.73
tx_user_73_1,user_73,2025-12-02T14:22:07.509366,confirmed,74.68
tx_user_73_2,user_73,2025-11-05T15:55:52.335044,confirmed,63.7
tx_user_73_3,user_73,2025-11-25T00:06:42.092540,confirmed,83.74
tx_user_73_4,user_73,2025-11-11T23:10:30.170579,pending,39.63
tx_user_73_5,user_73,2025-11-18T14:12:34.694552,confirmed,90.28
tx_user_73_6,user_73,2025-11-16T19:31:45.281817,confirmed,70.73
tx_user_74_0,user_74,2025-11-17T03:29:32.718344,confirmed,65.37
tx_user_74_1,user_74,2025-11-30T17:37:24.067278,confirmed,100.87
tx_user_74_2,user_74,2025-11-21T07:40:28.542136,confirmed,68.58
tx_user_74_3,user_74,2025-11-08T17:33:01.528317,confirmed,27.27
tx_user_74_4,user_74,2025-11-19T09:37:02.162387,confirmed,40.81
tx_user_75_0,user_75,2025-12-02T08:19:27.634667,confirmed,50.09
tx_user_75_1,user_75,2025-11-22T16:51:09.036335,confirmed,5.71
tx_user_75_2,user_75,2025-12-02T02:25:42.224339,confirmed,45.21
tx_user_75_3,user_75,2025-11-10T02:58:32.319765,confirmed,43.79
tx_user_75_4,user_75,2025-11-19T14:07:04.770711,confirmed,26.24
tx_user_75_5,user_75,2025-11-25T02:21:27.769838,confirmed,0.56
tx_user_75_6,user_75,2025-11-21T00:35:33.691943,confirmed,49.33
tx_user_75_7,user_75,2025-11-10T13:32:57.566851,confirmed,78.77
tx_user_75_8,user_75,2025-11-09T21:27:07.429438,pending,63.55
tx_user_75_9,user_75,2025-11-20T01:22:40.625309,confirmed,73.37
tx_user_76_0,user_76,2025-12-01T00:18:40.085266,confirmed,23.77
tx_user_76_1,user_76,2025-11-11T12:37:06.476959,confirmed,2.22
tx_user_76_2,user_76,2025-11-21T20:14:08.341506,confirmed,128.47
tx_user_76_3,user_76,2025-11-27T18:37:36.323993,pending,50.71
tx_user_76_4,user_76,2025-11-16T06:10:24.139620,confirmed,73.54
tx_user_76_5,user_76,2025-11-09T02:44:52.532742,confirmed,80.16
tx_user_76_6,user_76,2025-11-28T14:57:14.404427,confirmed,60.83
tx_user_76_7,user_76,2025-11-09T04:37:36.466670,pending,56.53
tx_user_76_8,user_76,2025-11-04T03:00:59.063537,pending,107.91
tx_user_77_0,user_77,2025-11-21T02:51:17.025744,confirmed,8.95
tx_user_77_1,user_77,2025-11-09T02:42:57.001450,confirmed,15.98
tx_user_77_2,user_77,2025-11-03T06:06:29.424717,pending,53.33
tx_user_77_3,user_77,2025-11-28T02:59:29.686657,confirmed,103.0
tx_user_77_4,user_77,2025-11-18T13:14:39.260899,pending,52.13
tx_user_77_5,user_77,2025-11-23T17:03:45.951422,pending,58.42
tx_user_78_0,user_78,2025-11-03T20:43:55.036485,confirmed,55.24
tx_user_78_1,user_78,2025-11-07T08:32:17.024611,confirmed,50.9
tx_user_78_2,user_78,2025-11-24T08:19:21.784103,confirmed,14.25
tx_user_78_3,user_78,2025-11-26T20:26:51.233166,pending,73.35
tx_user_78_4,user_78,2025-11-10T04:25:08.734889,confirmed,75.48
tx_user_78_5,user_78,2025-11-10T09:32:32.574346,confirmed,65.32
tx_user_79_0,user_79,2025-11-19T13:14:30.753416,confirmed,104.13
tx_user_79_1,user_79,2025-11-24T19:44:25.556256,confirmed,40.33
tx_user_79_2,user_79,2025-11-27T01:35:17.772109,confirmed,48.09
tx_user_79_3,user_79,2025-11-06T07:59:24.584600,pending,50.76
tx_user_79_4,user_79,2025-11-29T00:50:58.766235,confirmed,40.42
tx_user_79_5,user_79,2025-11-07T21:20:35.245863,pending,51.76
tx_user_79_6,user_79,2025-11-12T23:16:57.740323,pending,73.54
tx_user_80_0,user_80,2025-11-13T23:38:20.785852,confirmed,42.62
tx_user_80_1,user_80,2025-11-23T00:20:39.826231,pending,48.16
tx_user_80_2,user_80,2025-11-30T14:15:57.265618,confirmed,59.88
tx_user_80_3,user_80,2025-11-04T21:07:39.488330,confirmed,73.58
tx_user_80_4,user_80,2025-11-09T19:07:08.826837,pending,74.13
tx_user_80_5,user_80,2025-11-09T02:56:49.467566,confirmed,108.0
tx_user_80_6,user_80,2025-11-04T13:01:13.770167,confirmed,26.68
tx_user_80_7,user_80,2025-11-14T09:35:07.151615,confirmed,31.08
